Admin2,331f4ced,2024-01-23 12:26:43.225921,20240123
Admin2,331f4ced,2024-01-23 13:25:57.354996,20240123
Admin2,331f4ced,2024-01-23 13:29:36.392077,20240123
Admin2,331f4ced,2024-01-23 13:29:38.897131,20240123
Admin2,331f4ced,2024-01-23 13:32:04.770312,20240123
Admin2,331f4ced,2024-01-23 13:32:09.978641,20240123
Admin2,331f4ced,2024-01-23 13:40:55.666878,20240123
Admin2,331f4ced,2024-01-23 13:40:58.165531,20240123
Admin2,331f4ced,2024-01-23 13:41:37.666372,20240123
Admin2,331f4ced,2024-01-23 13:41:40.160152,20240123
Admin2,331f4ced,2024-01-23 13:42:27.605994,20240123
Admin2,331f4ced,2024-01-23 13:42:32.415252,20240123
Admin2,331f4ced,2024-01-23 13:43:16.215319,20240123
Admin2,331f4ced,2024-01-23 13:43:23.860089,20240123
Admin2,331f4ced,2024-01-23 13:43:36.287045,20240123
Admin2,331f4ced,2024-01-23 13:43:58.787423,20240123
Admin2,331f4ced,2024-01-23 13:44:37.456537,20240123
Admin2,331f4ced,2024-01-23 13:44:41.711596,20240123
Admin2,331f4ced,2024-01-23 13:45:29.028951,20240123
Admin2,331f4ced,2024-01-23 13:45:32.515829,20240123
Admin2,331f4ced,2024-01-23 13:47:00.421422,20240123
Admin2,331f4ced,2024-01-23 13:49:54.948869,20240123
Admin2,331f4ced,2024-01-23 14:03:08.384601,20240123
Admin2,331f4ced,2024-01-23 14:08:59.665172,20240123
Admin2,331f4ced,2024-01-23 14:09:02.694305,20240123
Admin2,331f4ced,2024-01-23 14:12:02.438484,20240123
Admin2,331f4ced,2024-01-23 14:29:55.329950,20240123
Admin2,331f4ced,2024-01-23 14:32:22.696661,20240123
Admin2,331f4ced,2024-01-23 14:53:57.381467,20240123
Admin2,331f4ced,2024-01-23 14:57:06.404182,20240123
Admin2,331f4ced,2024-01-23 15:09:33.512841,20240123
Admin2,331f4ced,2024-01-23 15:09:38.907908,20240123
Admin2,331f4ced,2024-01-23 15:14:26.899748,20240123
Admin2,331f4ced,2024-01-23 15:17:48.067470,20240123
Admin2,331f4ced,2024-01-23 15:17:53.207883,20240123
Admin2,331f4ced,2024-01-23 15:19:39.213251,20240123
Admin2,331f4ced,2024-01-23 15:21:10.394119,20240123
Admin2,331f4ced,2024-01-23 15:21:15.361623,20240123
Admin2,331f4ced,2024-01-23 15:36:55.755125,20240123
Admin2,331f4ced,2024-01-23 15:37:00.058486,20240123
Admin2,331f4ced,2024-01-23 15:38:00.999438,20240123
Admin2,331f4ced,2024-01-23 15:38:08.520665,20240123
Admin2,331f4ced,2024-01-23 15:41:07.056364,20240123
Admin2,331f4ced,2024-01-23 15:41:12.038178,20240123
Admin2,331f4ced,2024-01-23 15:43:26.592523,20240123
Admin2,331f4ced,2024-01-23 15:43:31.756500,20240123
Admin2,331f4ced,2024-01-23 15:46:05.502828,20240123
Admin2,331f4ced,2024-01-23 15:46:09.973497,20240123
Admin2,331f4ced,2024-01-23 15:48:25.675583,20240123
Admin2,331f4ced,2024-01-23 15:48:30.503245,20240123
Admin2,331f4ced,2024-01-23 15:49:07.131283,20240123
Admin2,331f4ced,2024-01-23 15:49:11.022281,20240123
Admin2,331f4ced,2024-01-23 15:51:24.168372,20240123
Admin2,331f4ced,2024-01-23 15:51:28.400035,20240123
Admin2,331f4ced,2024-01-23 16:25:06.026254,20240123
Admin2,331f4ced,2024-01-23 16:25:10.987383,20240123
Admin2,331f4ced,2024-01-23 16:25:43.853388,20240123
Admin2,331f4ced,2024-01-23 16:25:48.132967,20240123
Admin2,331f4ced,2024-01-23 16:32:32.381955,20240123
Admin2,331f4ced,2024-01-23 16:33:29.676518,20240123
Admin7,43f012ec,2024-01-24 05:36:29.899054,20240124
Admin8,f3cc40fc,2024-01-25 23:53:57.651200,20240125
Admin8,f3cc40fc,2024-01-26 00:39:02.081593,20240126
Admin8,f3cc40fc,2024-01-26 00:39:07.822819,20240126
Admin8,f3cc40fc,2024-01-26 00:40:16.991895,20240126
Admin8,f3cc40fc,2024-01-26 00:40:21.263945,20240126
Admin8,f3cc40fc,2024-01-26 00:48:56.266812,20240126
Admin8,f3cc40fc,2024-01-26 03:52:22.426380,20240126
Admin8,f3cc40fc,2024-01-26 03:53:41.507436,20240126
Admin8,f3cc40fc,2024-01-26 03:53:45.936340,20240126
Admin8,f3cc40fc,2024-01-26 05:06:57.726320,20240126
Admin8,f3cc40fc,2024-01-26 05:15:23.948272,20240126
Admin8,f3cc40fc,2024-01-26 06:00:54.679948,2024012606
Admin8,f3cc40fc,2024-01-26 06:12:28.909500,2024012606
Admin8,f3cc40fc,2024-01-26 07:43:19.380500,202401260743
Admin4,4357f7fd,2024-01-29 18:20:22.313633,202401291820
Admin4,4357f7fd,2024-01-29 18:46:53.899367,202401291846
Admin4,4357f7fd,2024-01-29 18:55:17.426657,202401291855
Admin4,4357f7fd,2024-01-29 18:56:35.953834,202401291856
Admin4,4357f7fd,2024-01-29 18:56:39.805205,202401291856
Admin4,4357f7fd,2024-01-29 18:59:32.673068,202401291859
Admin4,4357f7fd,2024-01-29 19:12:04.790701,202401291912
Admin4,4357f7fd,2024-01-29 19:42:07.942110,202401291942
Admin4,4357f7fd,2024-01-29 19:44:02.601623,202401291944
Admin4,4357f7fd,2024-01-29 19:59:58.833169,202401292000
Admin4,4357f7fd,2024-01-29 20:05:14.715577,202401292005
Admin4,4357f7fd,2024-01-29 20:11:08.252432,202401292011
Admin4,4357f7fd,2024-01-29 20:35:52.229429,202401292035
Admin4,4357f7fd,2024-01-29 20:59:26.033146,202401292059
Admin4,4357f7fd,2024-01-29 21:08:15.010423,202401292108
Admin4,4357f7fd,2024-01-29 21:10:09.680036,202401292110
Admin4,4357f7fd,2024-01-29 21:12:57.702807,202401292113
Admin4,4357f7fd,2024-01-29 21:19:15.652047,202401292119
Admin4,4357f7fd,2024-01-29 21:19:50.466900,202401292119
