hexdb,ordinary
1CDC60A1,0001
8C9B7C9B,0002
CC7A73A1,0003
3CC9859B,0004
7CB2539B,0005
1C4E6D9B,0006
8C20E0CA,0007
5CF70DCB,0008
1CCD74A1,0009
FC0A899B,0010
1C3F6E9B,0011
FC3C5ACB,0012
6CBB859B,0013
7CC460A1,0014
BC477B9B,0015
BCF67F9B,0016
2CEB829B,0017
8C4A7D9B,0018
8C3AF2CA,0019
4C9474A1,0020
7CA8819B,0021
3CC560A1,0022
0CC2859B,0023
5CD97A9B,0024
1CB074A1,0025
8CA8E2CA,0026
AC7B73A1,0027
2CE47D9B,0028
DC2161A1,0029
AC0E0ECB,0030
3C1275A1,0031
DCBE74A1,0032
DC4F7B9B,0033
0CDD829B,0034
0C8774A1,0035
5CC1539B,0036
8CA17C9B,0037
7C2024CB,0038
DCE1829B,0039
DCEB7D9B,0040
1CC1539B,0041
CC7174A1,0042
3CF25BCB,0043
0CD2539B,0044
6C8474A1,0045
DCAC60A1,0046
1CE838CB,0047
9C0E0ECB,0048
2CD2539B,0049
EC5E6E9B,0050
CC2902CB,0051
7C80789B,0052
6CBF74A1,0053
7C8473A1,0054
5C8774A1,0055
6C8CE2CA,0056
7CC51FCB,0057
2CD2829B,0058
8CCD74A1,0059
7CC5779B,0060
0CBF74A1,0061
8CF70DCB,0062
FCC5779B,0063
8CC3829B,0064
EC25729B,0065
3C2E75A1,0066
1CA9829B,0067
EC1D729B,0068
0C7774A1,0069
BCBD779B,0070
8C396D9B,0071
3C1D729B,0072
2CFF0DCB,0073
6C1261A1,0074
3CDA539B,0075
6CE55ACB,0076
2CA5E2CA,0077
CCC460A1,0078
1C1261A1,0079
0C1A529B,0080
AC03809B,0081
AC23F2CA,0082
1C20819B,0083
8C44DFCA,0084
2C42F2CA,0085
9C4F7A9B,0086
5CC9859B,0087
7C78789B,0088
AC0B899B,0089
9CB2859B,0090
BC12529B,0091
3C0A529B,0092
6C19839B,0093
1C7774A1,0094
8C8B73A1,0095
4CDD7B9B,0096
2C1175A1,0097
5C8474A1,0098
8CF5889B,0099
5CEB829B,0100
2C8373A1,0101
6C1D4E2D,0102
DC18529B,0103
CC517D9B,0104
6C5D6E9B,0105
AC5B7D9B,0106
4CCB529B,0107
EC477B9B,0108
CC8C789B,0109
4CB7539B,0110
BC7C73A1,0111
3C2175A1,0112
8C86502D,0113
2C1D729B,0114
5C7F74A1,0115
9C12529B,0116
6CF6889B,0117
ACDA829B,0118
DCE97A9B,0119
9C2975A1,0120
7CE2539B,0121
9CC059CB,0122
ECE8F5CA,0123
4CFD7F9B,0124
FC060ECB,0125
8C7F789B,0126
3CD57B9B,0127
EC7973A1,0128
BC4A7D9B,0129
2CD374A1,0130
BCD974A1,0131
CCD97A9B,0132
6CA86DA1,0133
0CA61BCB,0134
DCB3859B,0135
CCB774A1,0136
CC2261A1,0137
EC2902CB,0138
DC3F7A9B,0139
EC556D9B,0140
4CFF0DCB,0141
BCCE779B,0142
AC2BF2CA,0143
0C537D9B,0144
8C11529B,0145
7CE038CB,0146
9CF67F9B,0147
ECFB7F9B,0148
7CA8E2CA,0149
7CF35ACB,0150
7CB874A1,0151
8C2175A1,0152
8CFC889B,0153
BCC859CB,0154
CCCC74A1,0155
7CBD779B,0156
9C9474A1,0157
EC8674A1,0158
1CD1529B,0159
FC2961A1,0160
ECE35ACB,0161
7CC6779B,0162
FC827C9B,0163
6C11529B,0164
DCF174A1,0165
BCC574A1,0166
CCDC60A1,0167
FCC9539B,0168
7C487A9B,0169
1CAB859B,0170
9CE1539B,0171
9C7874A1,0172
ECF35ACB,0173
EC0A899B,0174
CC1924CB,0175
8C1224CB,0176
8C09729B,0177
5CD560A1,0178
4CC9859B,0179
DC5239CB,0180
ECC9539B,0181
1C7C73A1,0182
BC1924CB,0183
6CEA829B,0184
7C1961A1,0185
EC83F7CA,0186
3CC2859B,0187
BC0A61A1,0188
4C1924CB,0189
9CCF829B,0190
1CD9539B,0191
8C13502D,0192
8C14729B,0193
DC495ACB,0194
CC35DFCA,0195
7CE1539B,0196
8C8273A1,0197
CCE1539B,0198
9C2075A1,0199
4C4F7B9B,0200
4C3B839B,0201
CC3175A1,0202
EC79F8CA,0203
7CF54D2D,0204
7C5844A1,0205
7CDD5ACB,0206
EC566E9B,0207
FCBC1BCB,0208
CC87789B,0209
2C0A24CB,0210
8CE2829B,0211
9C32F2CA,0212
1C4660A1,0213
0C0B61A1,0214
7C2A529B,0215
5CEF38CB,0216
FC6874A1,0217
0CBE5AA1,0218
0C3DDFCA,0219
2CD9539B,0220
6CF0889B,0221
5CA44BCB,0222
ECD460A1,0223
7CBF539B,0224
3CD5829B,0225
1C0924CB,0226
4C8373A1,0227
4C160ECB,0228
2C7374A1,0229
7CE07B9B,0230
CCE27D9B,0231
7C2A02CB,0232
5CE87F9B,0233
4CD474A1,0234
8C3175A1,0235
5C8473A1,0236
BC2875A1,0237
6CC1539B,0238
6CDF7B9B,0239
1C82F8CA,0240
ACDB829B,0241
5C7974A1,0242
9CCB529B,0243
0C2A529B,0244
0CDF7B9B,0245
BCB1539B,0246
6C7B73A1,0247
4C3B7D9B,0248
0CDB829B,0249
0C8E74A1,0250
8C3002CB,0251
BC476D9B,0252
7CFF0DCB,0253
9C8D74A1,0254
4CAAE2CA,0255
3CCD5AA1,0256
6CE1539B,0257
7C2261A1,0258
9C11529B,0259
BC91F7CA,0260
3C4E6D9B,0261
BC487B9B,0262
6CB074A1,0263
1C7D4BCB,0264
4C0A24CB,0265
ACCB5AA1,0266
EC2161A1,0267
0C837C9B,0268
2C0C502D,0269
FC23729B,0270
0C8C4BCB,0271
4C0B529B,0272
1C2B61A1,0273
AC3F7A9B,0274
DC9A4BCB,0275
DC2975A1,0276
7CCD5AA1,0277
4CBB859B,0278
5CCD74A1,0279
1C576E9B,0280
6CBA859B,0281
3CB3539B,0282
1C11529B,0283
AC1975A1,0284
0C23F2CA,0285
AC0224CB,0286
7C2961A1,0287
5CC9539B,0288
6C08729B,0289
AC854BCB,0290
0C3361A1,0291
EC8B73A1,0292
FCFD889B,0293
AC04899B,0294
9C0224CB,0295
6C4F6E9B,0296
3C7074A1,0297
1CB6779B,0298
CC70789B,0299
9C3CDFCA,0300
CC20529B,0301
2CD1539B,0302
6C7BF8CA,0303
9CE2539B,0304
8C854BCB,0305
AC0961A1,0306
4CC6779B,0307
7C3A7D9B,0308
8CD9529B,0309
BC86789B,0310
DCEF889B,0311
8C0E0ECB,0312
BC9A7C9B,0313
3C8674A1,0314
FC1D729B,0315
3C476D9B,0316
5C0E0ECB,0317
0C0A729B,0318
3CAAE2CA,0319
0C5B7D9B,0320
4C5944A1,0321
ACFC4F2D,0322
BCAB59CB,0323
3C435ACB,0324
1C517B9B,0325
AC5E6E9B,0326
3CD67B9B,0327
8C7E44A1,0328
3CE87F9B,0329
FC02809B,0330
8C7174A1,0331
EC996DA1,0332
CCE9829B,0333
ACB074A1,0334
1C4CDFCA,0335
0CB774A1,0336
0C28E0CA,0337
8C77789B,0338
EC1975A1,0339
2C546D9B,0340
3C8B7C9B,0341
3C437D9B,0342
7CCC829B,0343
3CE6F5CA,0344
6CE3539B,0345
BCB874A1,0346
1C8074A1,0347
9C11899B,0348
7C25729B,0349
6CD3829B,0350
3C547D9B,0351
6C4239CB,0352
4C9A6DA1,0353
5CC2859B,0354
8C4F7B9B,0355
9C445ACB,0356
7C28839B,0357
BC9374A1,0358
6CAAE2CA,0359
DC7B73A1,0360
8C1A61A1,0361
6C2124CB,0362
4C7874A1,0363
2CD460A1,0364
1C23F2CA,0365
ECC8859B,0366
ECF67F9B,0367
BCA17C9B,0368
3CB174A1,0369
FC3075A1,0370
6CDF38CB,0371
8CF07D9B,0372
ACCB60A1,0373
FCB7539B,0374
8C08729B,0375
7C685FA1,0376
0C8C789B,0377
1CFD7F9B,0378
FC14729B,0379
6C8373A1,0380
DCDC829B,0381
2C3BF2CA,0382
5CA51BCB,0383
4CCA529B,0384
CCC4829B,0385
FCD8529B,0386
5CD474A1,0387
5CDD60A1,0388
8CA0829B,0389
3C0224CB,0390
BCC7859B,0391
8C6844A1,0392
9C8A73A1,0393
7C8D4BCB,0394
9CDA539B,0395
FCDC5ACB,0396
DC2802CB,0397
6C3261A1,0398
ACD2829B,0399
0C45DFCA,0400
1CF0889B,0401
0CC77B9B,0402
FCEE7F9B,0403
DCAD779B,0404
6CBA539B,0405
5CD3829B,0406
0C1224CB,0407
4C0B899B,0408
FC0824CB,0409
ECD9829B,0410
8C12529B,0411
3C09729B,0412
EC19529B,0413
2C8674A1,0414
3C4F7A9B,0415
4C35DFCA,0416
5C546D9B,0417
ACB0819B,0418
DCCC829B,0419
ECCA539B,0420
ACCA529B,0421
8CCC829B,0422
AC2A61A1,0423
0CE260A1,0424
DCDA829B,0425
5CD2829B,0426
1CDA74A1,0427
AC2B02CB,0428
FC29529B,0429
DC427D9B,0430
1C2A529B,0431
4C675FA1,0432
0CD474A1,0433
6C3075A1,0434
5CB174A1,0435
8C8473A1,0436
1C22529B,0437
8CD3529B,0438
3C4B7D9B,0439
EC8273A1,0440
DC7973A1,0441
5CD2529B,0442
DC8173A1,0443
5CE1539B,0444
0C527D9B,0445
AC507B9B,0446
ECB460A1,0447
DCDA539B,0448
8C0F61A1,0449
5C8674A1,0450
2C9B7C9B,0451
BC8973A1,0452
7CC4829B,0453
5C0D4E2D,0454
3C3075A1,0455
CC7F74A1,0456
BC2BF2CA,0457
1CBF779B,0458
CC8273A1,0459
6CCD1FCB,0460
3C1224CB,0461
2C8BF7CA,0462
1CBD1FCB,0463
CCEC5BCB,0464
2CDA829B,0465
ACEA7A9B,0466
1CC3859B,0467
9CD474A1,0468
8CC0539B,0469
3CCE779B,0470
6C515ACB,0471
2C1A24CB,0472
1CF70DCB,0473
1C09529B,0474
CC4D6D9B,0475
1C3E60A1,0476
0CB6779B,0477
7C22529B,0478
ECB2859B,0479
1CF00DCB,0480
CCE2829B,0481
6C2F02CB,0482
7CBB859B,0483
2C9D74A1,0484
2CDD5ACB,0485
ACE9829B,0486
3CE2829B,0487
BCD1529B,0488
ECE1539B,0489
6C2A61A1,0490
2CB2539B,0491
AC0075A1,0492
9C8C789B,0493
2CDA539B,0494
8CBE74A1,0495
9C927C9B,0496
5C4E6E9B,0497
6CE160A1,0498
1CDB829B,0499
2C0C729B,0500
7C1224CB,0501
7C154E2D,0502
7C2124CB,0503
DCB6779B,0504
DC4C60A1,0505
DC09729B,0506
9CD57B9B,0507
EC1961A1,0508
0C22529B,0509
4CB774A1,0510
DCFA74A1,0511
ACCA539B,0512
1CDE1FCB,0513
6CD9529B,0514
1CBA539B,0515
ECEF38CB,0516
8C537D9B,0517
DCD3829B,0518
2C3B7D9B,0519
4C33F2CA,0520
DCF5889B,0521
9C18899B,0522
9CAD1BCB,0523
6C986DA1,0524
DCAF74A1,0525
6C4B7D9B,0526
BC8373A1,0527
4CD67B9B,0528
CCEB5ACB,0529
9CCD7B9B,0530
4CFC889B,0531
FC897C9B,0532
FC2A61A1,0533
8C476D9B,0534
9CE37D9B,0535
FC20E0CA,0536
6C27839B,0537
8C7E4BCB,0538
1C3CDFCA,0539
0C954BCB,0540
0C3A75A1,0541
1CF738CB,0542
BCD1539B,0543
9CBE74A1,0544
6C455ACB,0545
0C7174A1,0546
ECC65AA1,0547
FC2F02CB,0548
5CDA539B,0549
5C4E6D9B,0550
CC8173A1,0551
3CD1529B,0552
CCE638CB,0553
9CCC74A1,0554
5CF474A1,0555
5C160ECB,0556
FC04899B,0557
5C1D729B,0558
EC0924CB,0559
9CD7829B,0560
4CDA539B,0561
0C1975A1,0562
AC7A73A1,0563
6CCD60A1,0564
BCE160A1,0565
3C336D9B,0566
3C3261A1,0567
DCD4829B,0568
1C3A6D9B,0569
4CC9539B,0570
CC1175A1,0571
5CE2829B,0572
2C0A529B,0573
ACE17A9B,0574
EC4A7D9B,0575
2CCB529B,0576
5C0A24CB,0577
1C8D789B,0578
2C4E6D9B,0579
3CA55A9B,0580
5CCC529B,0581
CCC1539B,0582
CC0A809B,0583
5C4239CB,0584
EC9474A1,0585
DC2175A1,0586
9CFD889B,0587
AC7874A1,0588
DCA27C9B,0589
EC2002CB,0590
BC8B73A1,0591
FC9F6DA1,0592
ECD960A1,0593
7C435ACB,0594
BC4A39CB,0595
DC466E9B,0596
6CF70DCB,0597
3C8C74A1,0598
ECBA539B,0599
6C7E4BCB,0600
FC3175A1,0601
0C4A7D9B,0602
9C0A899B,0603
CCB3859B,0604
6CD35AA1,0605
1C7D74A1,0606
5C937C9B,0607
1CEF38CB,0608
BC8D74A1,0609
FCC2859B,0610
0C2A75A1,0611
EC18529B,0612
8CF638CB,0613
9CBA859B,0614
2CDA7A9B,0615
9C1961A1,0616
5C5B39CB,0617
CC1C729B,0618
9C4E6E9B,0619
1C2124CB,0620
DC21529B,0621
DCC55AA1,0622
ECBE779B,0623
0C2BF2CA,0624
4C437D9B,0625
3CE07B9B,0626
8CE9F5CA,0627
7C656E9B,0628
8C3F7B9B,0629
2CCB859B,0630
1C5B7D9B,0631
1C3B7D9B,0632
AC8273A1,0633
ECCC529B,0634
0CB3859B,0635
1CCC60A1,0636
8CC174A1,0637
5C8A73A1,0638
0C0B809B,0639
7C0A529B,0640
4C1A61A1,0641
ECF44F2D,0642
3C7E74A1,0643
FCAE859B,0644
2C4F6E9B,0645
AC10899B,0646
1C2261A1,0647
7CDB829B,0648
BCF17A9B,0649
8CC51FCB,0650
EC8774A1,0651
BCCA529B,0652
DC7C73A1,0653
0C22F2CA,0654
5CE738CB,0655
EC2961A1,0656
1C3A39CB,0657
3C3361A1,0658
AC0875A1,0659
7C03809B,0660
6C2161A1,0661
8C7B73A1,0662
9C437D9B,0663
5C1875A1,0664
8C1A529B,0665
8CB859CB,0666
7CD374A1,0667
3CEA7A9B,0668
BC4D6D9B,0669
BCDB60A1,0670
5CE2539B,0671
2C0A61A1,0672
AC2802CB,0673
8C7A73A1,0674
5CD9539B,0675
EC326D9B,0676
8C407A9B,0677
EC6274A1,0678
9CC7859B,0679
BCC1539B,0680
0C2B02CB,0681
4C2875A1,0682
DC7274A1,0683
AC576E9B,0684
EC466D9B,0685
4C7174A1,0686
5CAAE2CA,0687
FCA27C9B,0688
EC7774A1,0689
ECF65BCB,0690
ECB774A1,0691
5CE3829B,0692
8CE738CB,0693
2CD35AA1,0694
BCA3E2CA,0695
ACF874A1,0696
2C7D74A1,0697
5CDD829B,0698
CC0924CB,0699
DCD2539B,0700
2CB874A1,0701
2C7074A1,0702
2CF0889B,0703
AC8774A1,0704
7C0224CB,0705
CCB2539B,0706
5CC7859B,0707
9C916DA1,0708
FC7A73A1,0709
0C9474A1,0710
EC396D9B,0711
3C3BF2CA,0712
CC8A7C9B,0713
FC1A61A1,0714
ACD15AA1,0715
FC487B9B,0716
0C507B9B,0717
CCCE7B9B,0718
5C7744A1,0719
BC1161A1,0720
7C8C73A1,0721
ACCC829B,0722
9CF35ACB,0723
7C8A73A1,0724
0C0924CB,0725
8C3A7D9B,0726
FC837C9B,0727
5CCC829B,0728
9C4D60A1,0729
0C31839B,0730
4CF70DCB,0731
1C527D9B,0732
0CDE1FCB,0733
8CD9829B,0734
FC86502D,0735
AC3075A1,0736
4C11899B,0737
FCD2529B,0738
9CF70DCB,0739
EC467B9B,0740
5C8E74A1,0741
9C35DFCA,0742
FCB159CB,0743
EC14729B,0744
1C1224CB,0745
FCCC529B,0746
FC20529B,0747
2CF038CB,0748
2CC9859B,0749
4CF55ACB,0750
DC3F6D9B,0751
ECD2829B,0752
FCE060A1,0753
9C8D4BCB,0754
CCE2539B,0755
FCB074A1,0756
9CE060A1,0757
7CDF7B9B,0758
BC527D9B,0759
ACE1829B,0760
1CE27A9B,0761
4CAE1BCB,0762
3CFF0DCB,0763
7CFA7A9B,0764
EC0175A1,0765
ECC574A1,0766
7CD560A1,0767
3C1924CB,0768
9C0B899B,0769
DC0924CB,0770
2C1A61A1,0771
CC3261A1,0772
8C2A529B,0773
DCDD7B9B,0774
5C3A7D9B,0775
BCAF819B,0776
BC8AF7CA,0777
DCA0829B,0778
0C16729B,0779
2C537D9B,0780
CC21529B,0781
FC19529B,0782
BCEA829B,0783
6CD9539B,0784
EC3D5ACB,0785
BCCA539B,0786
2CDD829B,0787
8CCA539B,0788
CC8373A1,0789
ACFC7F9B,0790
3C8574A1,0791
EC21529B,0792
4C0A529B,0793
DC060ECB,0794
ACEF7F9B,0795
9CC9859B,0796
EC4A5ACB,0797
8CF27A9B,0798
7C81F8CA,0799
DCCD7B9B,0800
FC1261A1,0801
5C8B7C9B,0802
3CF07F9B,0803
7CC1539B,0804
ACC65AA1,0805
7C837C9B,0806
AC4A5ACB,0807
6C3D5ACB,0808
2C6374A1,0809
1C24729B,0810
FC6044A1,0811
8CD67B9B,0812
BC6974A1,0813
CCCD7B9B,0814
2CC5829B,0815
5CE838CB,0816
2CC0859B,0817
FCB8539B,0818
BC8A7C9B,0819
ECF974A1,0820
AC08729B,0821
DCB2859B,0822
3C1B529B,0823
FC1B729B,0824
3CD97B9B,0825
AC0A61A1,0826
3C2261A1,0827
CC6744A1,0828
FC1961A1,0829
ECC1539B,0830
BCD360A1,0831
5C336D9B,0832
DCA3E2CA,0833
FCEA829B,0834
9CFC4F2D,0835
3C0A24CB,0836
7CD9539B,0837
9C1161A1,0838
5CF45ACB,0839
6C1C729B,0840
2CA27C9B,0841
BCCB60A1,0842
BC20839B,0843
2C87789B,0844
3CC3859B,0845
8CC9779B,0846
ACAD779B,0847
CCF70DCB,0848
4C2A529B,0849
5CC059CB,0850
7CAF819B,0851
ACF374A1,0852
7CE97A9B,0853
6C396D9B,0854
8CF45BCB,0855
ACE2539B,0856
2CA1829B,0857
FC7774A1,0858
7CF35BCB,0859
8CAC60A1,0860
DC527D9B,0861
8CBA539B,0862
DCC474A1,0863
DCE2539B,0864
2C8C4BCB,0865
4CCD60A1,0866
4C546D9B,0867
BC7274A1,0868
CC8D4BCB,0869
6CB7819B,0870
7CC8859B,0871
1C7B73A1,0872
AC1261A1,0873
7CCC74A1,0874
9C0D729B,0875
FC396D9B,0876
6C0D4E2D,0877
0C406D9B,0878
2C406D9B,0879
BCEB5BCB,0880
4CBE74A1,0881
1C1A24CB,0882
DC934BCB,0883
6CFF0DCB,0884
AC9C60A1,0885
9C8373A1,0886
DC3975A1,0887
3CD77B9B,0888
2C1224CB,0889
ACCC5AA1,0890
BC15729B,0891
BC19529B,0892
ACBA859B,0893
FC8B7C9B,0894
DCCC60A1,0895
EC435ACB,0896
BC23F2CA,0897
3C7B73A1,0898
8CE27A9B,0899
2CC574A1,0900
EC2B729B,0901
9C466E9B,0902
4C8C74A1,0903
5C3DDFCA,0904
8CE2539B,0905
FC9C60A1,0906
2C5560A1,0907
5CED5ACB,0908
4C2975A1,0909
4CB3859B,0910
CC7973A1,0911
2CC7779B,0912
1C1E729B,0913
9C1924CB,0914
DC8973A1,0915
4C04502D,0916
1C525ACB,0917
0CE2829B,0918
FC28839B,0919
3CC0539B,0920
EC1E24CB,0921
0CC3859B,0922
9C3B7D9B,0923
3C407A9B,0924
0C7E74A1,0925
7CA27C9B,0926
9CB6779B,0927
CCC67B9B,0928
0C476D9B,0929
2C94E2CA,0930
4CD37D9B,0931
FC997C9B,0932
6C154E2D,0933
7C476E9B,0934
DCB5779B,0935
2CDA60A1,0936
5C9474A1,0937
CC5239CB,0938
6C477A9B,0939
AC8173A1,0940
2CC1539B,0941
0CD460A1,0942
9C3975A1,0943
4CDA60A1,0944
0C070ECB,0945
8C2161A1,0946
4C3CDFCA,0947
EC6874A1,0948
9CB774A1,0949
6C8473A1,0950
BCE1539B,0951
0C926DA1,0952
0C427D9B,0953
CC7E74A1,0954
DCD1529B,0955
5C0B899B,0956
6CAC59CB,0957
0CDA539B,0958
CCAE779B,0959
DCBE779B,0960
DC4D6D9B,0961
4C054E2D,0962
DC2A02CB,0963
FC0975A1,0964
DCDE7B9B,0965
8C2024CB,0966
1C2802CB,0967
9C476D9B,0968
0CE138CB,0969
ECCA829B,0970
4C0A809B,0971
CCD360A1,0972
2CDF7B9B,0973
8C31839B,0974
0C927C9B,0975
8C8C73A1,0976
1C2BF2CA,0977
4CD9539B,0978
3CDD60A1,0979
CC4A39CB,0980
7C1A61A1,0981
1C14729B,0982
9C326D9B,0983
5CC2539B,0984
4C8273A1,0985
FCCB60A1,0986
5C2102CB,0987
5C445ACB,0988
7CE87F9B,0989
3C2A61A1,0990
1C070ECB,0991
6CCC5AA1,0992
7C8C74A1,0993
FC6F74A1,0994
AC1924CB,0995
9CBC60A1,0996
FC976DA1,0997
7CDA539B,0998
9C4A7D9B,0999
5C054E2D,1000
2C0B61A1,1001
BCA9829B,1002
FCF27A9B,1003
BC8173A1,1004
ACB3859B,1005
7C827C9B,1006
9CC35AA1,1007
9CD3829B,1008
7CFC7F9B,1009
5CB859CB,1010
5CAE779B,1011
FC21F2CA,1012
BC0D729B,1013
FC7D74A1,1014
5CFF0DCB,1015
1C0224CB,1016
2C0224CB,1017
2C0A729B,1018
9CE07B9B,1019
5C04899B,1020
2C44DFCA,1021
9C0C729B,1022
1CD1539B,1023
CC1875A1,1024
7CDB60A1,1025
1C15729B,1026
2CEA829B,1027
DC3E6E9B,1028
8C1D729B,1029
BCDB5ACB,1030
CCE160A1,1031
0CB1829B,1032
1C0C502D,1033
EC0C729B,1034
BC9BE2CA,1035
FC6274A1,1036
4C8E74A1,1037
7C7174A1,1038
1CC65AA1,1039
ECEF7F9B,1040
2CBF74A1,1041
7C7F74A1,1042
6C0E0ECB,1043
4CD3829B,1044
1C336D9B,1045
9C1A529B,1046
4CF638CB,1047
7CDA529B,1048
CC060ECB,1049
8CE060A1,1050
4C2275A1,1051
ACC2539B,1052
2CE2829B,1053
7C3A6D9B,1054
ECE6F5CA,1055
AC12529B,1056
8CDA539B,1057
6CD37D9B,1058
8CF6889B,1059
CCD2539B,1060
1CBE779B,1061
DC7674A1,1062
4CBE859B,1063
1C04899B,1064
CCA3E2CA,1065
0C09529B,1066
0C1261A1,1067
1C04809B,1068
9CF1829B,1069
4CB8539B,1070
3CCC74A1,1071
2C7844A1,1072
7CA17C9B,1073
1CBD829B,1074
CCD51FCB,1075
8CCC60A1,1076
EC0A809B,1077
0CA560A1,1078
5C566E9B,1079
8C0224CB,1080
1C8B789B,1081
CCBA859B,1082
8C1875A1,1083
ACC9539B,1084
FC7973A1,1085
2C447D9B,1086
2C407A9B,1087
4C517A9B,1088
3C3175A1,1089
5C1D4E2D,1090
6C7044A1,1091
4CB2539B,1092
6CD3539B,1093
3CBE779B,1094
6CA06DA1,1095
9CB460A1,1096
2CF5889B,1097
9C3AF2CA,1098
ACB9539B,1099
5CBB539B,1100
BCD1829B,1101
8C3DDFCA,1102
4C1261A1,1103
0C8074A1,1104
AC427D9B,1105
DCC35AA1,1106
9C477A9B,1107
5C09529B,1108
BC1124CB,1109
9C837C9B,1110
0CED5ACB,1111
8CB7539B,1112
BCD9829B,1113
9CD9539B,1114
EC3261A1,1115
ACB41BCB,1116
AC4D6D9B,1117
3C5B7D9B,1118
8C4B7D9B,1119
5CFD4D2D,1120
6C2075A1,1121
5CF738CB,1122
CC0A24CB,1123
1CE2829B,1124
9CE35ACB,1125
8CDC60A1,1126
FCD1539B,1127
BCBA859B,1128
AC1124CB,1129
ACC7859B,1130
9C1124CB,1131
CCD1829B,1132
3CA8819B,1133
7C427D9B,1134
CCC45AA1,1135
3CB4829B,1136
5C0A809B,1137
3C0A729B,1138
3CF00DCB,1139
6C82F8CA,1140
7CF70DCB,1141
BCF5889B,1142
9CFB74A1,1143
9CD2539B,1144
9C396D9B,1145
4CE060A1,1146
8CC9539B,1147
4CF17A9B,1148
5CFB5ACB,1149
2C22529B,1150
BC0C729B,1151
7C3261A1,1152
7CCA5AA1,1153
DC8B73A1,1154
9C2A61A1,1155
AC7974A1,1156
7C2B02CB,1157
DC6974A1,1158
DC2075A1,1159
CCE07B9B,1160
BCDA539B,1161
FC5B60A1,1162
7CC574A1,1163
9CBB859B,1164
5CAB859B,1165
2CE07B9B,1166
0CD5829B,1167
2CE260A1,1168
CCC7859B,1169
EC2024CB,1170
9C1224CB,1171
ECCB5AA1,1172
BCC67B9B,1173
4C09529B,1174
6CAE779B,1175
BCD374A1,1176
1C1A75A1,1177
0C9574A1,1178
3C33F2CA,1179
FCFE0DCB,1180
5CB774A1,1181
ECFA7A9B,1182
4C11529B,1183
9C15729B,1184
3C7974A1,1185
2C9C4BCB,1186
8C03899B,1187
1CEB7A9B,1188
ECC5779B,1189
CC2102CB,1190
0CEA829B,1191
8CAC1BCB,1192
BCC2859B,1193
8CDEF5CA,1194
DC854BCB,1195
CC7C73A1,1196
CC0961A1,1197
CCAD779B,1198
BCE0529B,1199
9CD460A1,1200
FCB3859B,1201
DCE9829B,1202
AC0A24CB,1203
9CD1539B,1204
6CA9829B,1205
3C2F02CB,1206
BCCB529B,1207
7C5B7D9B,1208
6C5460A1,1209
2CC9539B,1210
DCE87F9B,1211
BCF6889B,1212
9C8E74A1,1213
DC04899B,1214
9C2961A1,1215
9C6F44A1,1216
2C495ACB,1217
0C4E6D9B,1218
0CC8859B,1219
ACD1539B,1220
DCD374A1,1221
BCB0819B,1222
FC497D9B,1223
AC936DA1,1224
3CD9539B,1225
1CCA539B,1226
9CAE779B,1227
7C12529B,1228
BC3DDFCA,1229
2C6044A1,1230
9C1261A1,1231
9C8774A1,1232
ACCD74A1,1233
BCCA5AA1,1234
3CFD889B,1235
EC060ECB,1236
2C7874A1,1237
3C2B61A1,1238
CC38839B,1239
EC20529B,1240
CCDB60A1,1241
5C2902CB,1242
CC14729B,1243
BC0A24CB,1244
CCDE7B9B,1245
DC515ACB,1246
BC4CDFCA,1247
DCEE7F9B,1248
AC19529B,1249
BC396D9B,1250
DCE7F5CA,1251
FCDC829B,1252
DCE060A1,1253
4C8B73A1,1254
6CFD4D2D,1255
5C11529B,1256
AC7C73A1,1257
1C2275A1,1258
FCF738CB,1259
9CC9539B,1260
5C1975A1,1261
BC934BCB,1262
0CDB60A1,1263
2CCB829B,1264
1CF27A9B,1265
2C515ACB,1266
CCDA539B,1267
5C04809B,1268
2C3102CB,1269
EC9675A1,1270
5CCB539B,1271
8C2124CB,1272
7CE9829B,1273
DC34DFCA,1274
AC32F2CA,1275
BCDA60A1,1276
6C2261A1,1277
9CE260A1,1278
5CD3539B,1279
EC8D4BCB,1280
BC4DDFCA,1281
FCE27A9B,1282
DCF57F9B,1283
DCD1539B,1284
1CD4529B,1285
3C42F2CA,1286
7CDB7D9B,1287
2CC2859B,1288
5CC560A1,1289
1CEC5ACB,1290
5C22529B,1291
AC7E74A1,1292
2CEEF5CA,1293
8CA1829B,1294
BCB51BCB,1295
5C15729B,1296
0C1D729B,1297
AC3D5ACB,1298
EC28E0CA,1299
9CFD38CB,1300
6C1075A1,1301
0C517B9B,1302
BC326D9B,1303
CC19529B,1304
BCA8829B,1305
7C2875A1,1306
0C7274A1,1307
ECBC60A1,1308
3C936DA1,1309
6C476D9B,1310
8CF15BCB,1311
6C437D9B,1312
8CD57B9B,1313
ACB6779B,1314
1C476D9B,1315
AC527D9B,1316
0CCD74A1,1317
3C2A529B,1318
6CDA829B,1319
FC517D9B,1320
FC2024CB,1321
CCBF539B,1322
FCC6859B,1323
6CFC7F9B,1324
0CBE1BCB,1325
3C09529B,1326
6CC574A1,1327
4CC61BCB,1328
7C476D9B,1329
ACD1829B,1330
3C0D729B,1331
1C1361A1,1332
ACC4829B,1333
7C0D729B,1334
4C547D9B,1335
4CE61FCB,1336
9C1075A1,1337
5CB059CB,1338
3CBD829B,1339
BC6874A1,1340
9CDA7A9B,1341
4C34DFCA,1342
ACDC829B,1343
4C3975A1,1344
2CB059CB,1345
6C546D9B,1346
DC4CDFCA,1347
9C487B9B,1348
0C1275A1,1349
0CC674A1,1350
