3819774199,2023-12-21 21:04:58.532637
3080067562,2023-12-21 21:05:17.961663
3198077303,2023-12-21 21:05:23.260336
3819774199,2023-12-21 21:06:13.530918
3080067562,2023-12-21 21:06:16.525808
3198077303,2023-12-21 21:06:19.983389
3819774199,2023-12-21 21:07:23.081334
3198077303,2023-12-21 21:07:25.531161
3819774199,2023-12-21 21:08:01.442509
3198077303,2023-12-21 21:08:03.967106
3198077303,2023-12-21 21:12:17.470784
3080067562,2023-12-21 21:16:58.075725
3198077303,2023-12-21 21:17:00.879147
3080067562,2023-12-21 22:55:32.940821
3198077303,2023-12-21 22:55:36.010821
3080067562,2023-12-21 23:03:01.702568
3198077303,2023-12-21 23:03:05.008447
